City_ID,City,Country,Lat,Lng,Max Temp,Humidity,Cloudiness,Wind Speed,Current Description
0,Lichinga,MZ,-13.3128,35.2406,67.42,67,29,6.58,scattered clouds
1,Syracuse,IT,37.0881,15.2792,67.59,72,0,21.99,clear sky
2,Nador,MA,35.174,-2.9287,62.85,72,75,20.71,broken clouds
3,Naze,JP,28.3667,129.4833,70.72,89,82,8.81,broken clouds
4,Bredasdorp,ZA,-34.5322,20.0403,58.08,75,85,5.88,overcast clouds
5,Mar Del Plata,AR,-38.0023,-57.5575,66.22,92,0,18.41,moderate rain
6,Ushuaia,AR,-54.8,-68.3,62.26,31,40,6.91,scattered clouds
7,Rabo De Peixe,PT,37.8,-25.5833,61.29,97,81,3.24,broken clouds
8,Provideniya,RU,64.3833,-173.3,30.4,95,94,5.44,light snow
9,Kaitangata,NZ,-46.2817,169.8464,54.0,95,100,11.1,overcast clouds
10,Cabo San Lucas,MX,22.8909,-109.9124,83.61,55,20,11.5,few clouds
11,Cachoeira Do Sul,BR,-30.0392,-52.8939,88.32,28,5,9.51,clear sky
12,Balkhash,KZ,46.844,74.9804,28.72,75,100,12.86,overcast clouds
13,Mazatlan,MX,23.2167,-106.4167,82.36,70,40,5.99,scattered clouds
14,Cidreira,BR,-30.1811,-50.2056,72.28,68,7,15.1,clear sky
15,Punta Arenas,CL,-53.15,-70.9167,60.91,33,75,25.32,broken clouds
16,Albany,US,42.6001,-73.9662,41.34,47,100,7.0,overcast clouds
17,Berlevag,NO,70.8578,29.0864,37.4,74,91,18.41,overcast clouds
18,Sinnamary,GF,5.3833,-52.95,82.49,69,42,10.71,scattered clouds
19,Bonga,ET,7.2833,36.2333,58.62,91,7,1.48,clear sky
20,Sao Filipe,CV,14.8961,-24.4956,81.45,58,100,10.63,overcast clouds
21,Vaini,TO,-21.2,-175.2,78.96,78,20,5.75,few clouds
22,Atuona,PF,-9.8,-139.0333,77.31,73,4,9.78,clear sky
23,Guerrero Negro,MX,27.9769,-114.0611,69.76,36,0,8.12,clear sky
24,Saskylakh,RU,71.9167,114.0833,-31.56,97,24,7.34,few clouds
25,Shelabolikha,RU,53.4131,82.6167,7.84,97,55,3.15,broken clouds
26,Corinto,GR,37.9407,22.9573,69.89,75,80,6.35,broken clouds
27,Arraial Do Cabo,BR,-22.9661,-42.0278,76.96,53,0,16.11,clear sky
28,Chipinge,ZW,-20.1883,32.6236,64.85,61,0,5.21,clear sky
29,Port Alfred,ZA,-33.5906,26.891,63.18,93,100,1.99,light rain
30,Hobart,AU,-42.8794,147.3294,53.46,87,0,6.91,clear sky
31,Mataura,NZ,-46.1927,168.8643,58.48,83,99,8.52,overcast clouds
32,Kruisfontein,ZA,-34.0033,24.7314,62.89,86,85,6.69,overcast clouds
33,Hilo,US,19.7297,-155.09,80.11,78,0,5.99,clear sky
34,Hualmay,PE,-11.0964,-77.6139,69.82,69,43,8.12,scattered clouds
35,Muros,ES,42.7762,-9.0603,51.1,93,100,13.24,overcast clouds
36,Itarema,BR,-2.9248,-39.9167,83.52,62,19,16.08,few clouds
37,Hermanus,ZA,-34.4187,19.2345,60.8,75,33,12.71,scattered clouds
38,Thompson,CA,55.7435,-97.8558,10.56,72,75,18.41,light snow
39,Alofi,NU,-19.0595,-169.9187,78.69,78,40,8.05,scattered clouds
40,Khatanga,RU,71.9667,102.5,-23.33,91,95,6.11,overcast clouds
41,Barraute,CA,48.4335,-77.6328,21.47,65,100,8.05,overcast clouds
42,Fortuna,US,40.5982,-124.1573,52.99,88,20,5.75,few clouds
43,Bethel,US,41.3712,-73.414,43.36,45,75,9.22,broken clouds
44,Jamestown,US,42.097,-79.2353,33.03,56,75,18.41,broken clouds
45,Chokurdakh,RU,70.6333,147.9167,-4.94,98,100,7.56,overcast clouds
46,Butaritari,KI,3.0707,172.7902,80.98,76,0,20.11,clear sky
47,Mana,GF,5.6592,-53.7767,83.5,68,26,10.58,scattered clouds
48,Waingapu,ID,-9.6567,120.2641,77.58,80,100,5.26,heavy intensity rain
49,Gra Liyia,GR,35.0167,25.6833,69.13,82,5,1.99,clear sky
50,Barrow,US,71.2906,-156.7887,32.02,86,20,26.46,few clouds
51,Cape Town,ZA,-33.9258,18.4232,64.11,62,40,5.75,scattered clouds
52,Busselton,AU,-33.65,115.3333,53.55,68,100,6.53,overcast clouds
53,Troitsk,RU,54.0979,61.5773,20.98,95,100,8.23,light snow
54,New Norfolk,AU,-42.7826,147.0587,53.1,71,99,2.84,overcast clouds
55,Den Helder,NL,52.9599,4.7593,44.02,94,100,18.99,mist
56,Puerto Ayora,EC,-0.7393,-90.3518,78.76,85,69,5.99,broken clouds
57,Lasa,IT,46.6166,10.7002,41.88,93,40,5.75,scattered clouds
58,Avarua,CK,-21.2078,-159.775,77.05,69,20,10.36,few clouds
59,Urucurituba,BR,-2.6833,-57.6667,98.58,26,100,2.42,moderate rain
60,Fontanka,UA,46.5626,30.8607,51.42,87,100,18.16,overcast clouds
61,Tuatapere,NZ,-46.1333,167.6833,54.81,91,100,4.07,overcast clouds
62,Bluff,NZ,-46.6,168.3333,58.8,86,100,17.34,overcast clouds
63,Bengkulu,ID,-3.8004,102.2655,75.18,91,100,7.56,overcast clouds
64,Saint-Francois,FR,46.4154,3.9054,42.24,93,75,2.3,mist
65,Alibag,IN,18.6411,72.8792,78.87,59,0,5.59,clear sky
66,Chapais,CA,49.7834,-74.8492,15.58,81,100,8.39,overcast clouds
67,Qaanaaq,GL,77.484,-69.3632,-7.73,56,17,7.54,few clouds
68,Aklavik,CA,68.2191,-135.0107,15.8,86,75,2.3,broken clouds
69,Rikitea,PF,-23.1203,-134.9692,71.38,69,18,12.33,few clouds
70,Kaeo,NZ,-35.1,173.7833,64.33,97,39,12.8,scattered clouds
71,Nikolskoye,RU,59.7035,30.7861,28.29,64,16,9.13,few clouds
72,Upernavik,GL,72.7868,-56.1549,7.25,92,66,15.48,broken clouds
73,Riberalta,BO,-10.9833,-66.1,93.4,55,75,11.5,broken clouds
74,Shakawe,BW,-18.3667,21.85,84.72,21,42,5.23,scattered clouds
75,Chuy,UY,-33.6971,-53.4616,75.34,54,7,11.83,clear sky
76,Adiake,CI,5.2863,-3.304,79.81,78,91,8.39,overcast clouds
77,Tasiilaq,GL,65.6145,-37.6368,41.16,78,100,26.19,overcast clouds
78,Yellowknife,CA,62.456,-114.3525,21.72,86,75,4.61,light snow
79,Quatre Cocos,MU,-20.2078,57.7625,69.1,72,13,5.73,few clouds
80,Pevek,RU,69.7008,170.3133,-22.04,100,59,4.9,broken clouds
81,Zhanaozen,KZ,43.3,52.8,47.25,61,83,6.49,broken clouds
82,Nanortalik,GL,60.1432,-45.2371,26.87,90,100,7.74,overcast clouds
83,Taltal,CL,-25.4,-70.4833,65.59,75,45,5.17,scattered clouds
84,Narsaq,GL,60.9167,-46.05,21.42,87,98,1.88,overcast clouds
85,Miura,JP,35.14,139.6192,53.58,56,0,7.9,clear sky
86,Dunedin,NZ,-45.8742,170.5036,52.81,94,100,1.99,overcast clouds
87,San Cristobal,VE,7.7669,-72.225,73.58,71,48,5.23,scattered clouds
88,Matveyevka,RU,52.15,56.1833,29.35,81,100,8.97,overcast clouds
89,Harper,LR,4.375,-7.7169,78.8,79,1,5.12,clear sky
90,Sao Joao Da Barra,BR,-21.6403,-41.0511,78.89,62,0,17.27,clear sky
91,Saint-Philippe,RE,-21.3585,55.7679,71.19,70,14,5.55,few clouds
92,Sosnovo-Ozerskoye,RU,52.5249,111.5418,12.24,74,100,7.76,overcast clouds
93,Tessalit,ML,20.1986,1.0114,74.41,12,10,9.19,clear sky
94,Show Low,US,34.2542,-110.0298,50.61,28,0,10.36,clear sky
95,Westerland,DE,54.9079,8.3033,39.22,87,75,19.57,broken clouds
96,Luderitz,NA,-26.6481,15.1594,65.28,54,100,20.65,overcast clouds
97,Longyearbyen,SJ,78.2186,15.6401,40.84,81,75,23.02,light intensity drizzle rain
98,Klaksvik,FO,62.2266,-6.589,47.32,86,85,32.77,overcast clouds
99,Araouane,ML,18.9048,-3.5265,76.62,13,90,5.82,overcast clouds
100,Vostok,RU,46.4856,135.8833,19.71,97,100,2.73,overcast clouds
101,Homer,US,59.6425,-151.5483,35.8,91,0,5.99,clear sky
102,Georgetown,MY,5.4112,100.3354,80.89,90,20,3.44,few clouds
103,Novobirilyussy,RU,56.9514,90.6661,10.8,97,95,3.74,overcast clouds
104,Kharp,RU,66.8014,65.8081,-0.11,90,35,7.92,scattered clouds
105,Leh,IN,34.1667,77.5833,21.16,54,96,1.32,overcast clouds
106,Dikson,RU,73.5069,80.5464,-5.15,93,100,25.46,overcast clouds
107,Fengzhen,CN,40.4394,113.1536,36.72,70,0,8.14,clear sky
108,Arlit,NE,18.7369,7.3853,76.6,12,11,6.6,few clouds
109,Anadyr,RU,64.75,177.4833,-7.01,83,20,8.95,few clouds
110,Kamaishi,JP,39.2667,141.8833,45.82,78,5,7.76,clear sky
111,Narasannapeta,IN,18.4167,84.05,68.47,62,100,6.4,overcast clouds
112,Lebu,CL,-37.6167,-73.65,61.65,80,13,11.83,few clouds
113,Hithadhoo,MV,-0.6,73.0833,81.14,79,76,12.59,broken clouds
114,Hasaki,JP,35.7333,140.8333,47.21,77,5,8.37,clear sky
115,Nuevo Progreso,MX,23.1667,-97.95,68.47,71,100,5.99,overcast clouds
116,Cherskiy,RU,68.75,161.3,-36.76,100,37,4.9,scattered clouds
117,Mezhdurechensk,RU,53.6942,88.0603,17.62,97,100,2.39,light snow
118,Boa Vista,BR,2.8197,-60.6733,93.18,43,20,4.61,few clouds
119,Saint George,US,37.1041,-113.5841,52.25,35,0,6.91,clear sky
120,Airai,TL,-8.9266,125.4092,61.93,94,98,0.45,overcast clouds
121,Dukat,RU,62.55,155.55,-26.37,89,12,5.08,few clouds
122,Kodiak,US,57.79,-152.4072,38.71,87,0,5.75,clear sky
123,Pak Phanang,TH,8.3511,100.202,77.86,84,99,3.69,overcast clouds
124,Korla,CN,41.7597,86.1469,35.44,34,38,5.59,scattered clouds
125,Zyryanovsk,KZ,49.7386,84.2719,-3.1,96,9,2.37,clear sky
126,Olga,RU,43.7444,135.2892,30.58,80,16,7.65,few clouds
127,Goedereede,NL,51.8175,3.9806,51.01,91,100,13.98,overcast clouds
128,Mersing,MY,2.4312,103.8405,78.71,94,40,3.44,scattered clouds
129,Coihaique,CL,-45.5752,-72.0662,58.95,44,20,12.66,few clouds
130,Kedrovyy,RU,56.1667,91.8167,9.01,97,96,3.38,overcast clouds
131,Ures,MX,29.4333,-110.4,74.21,25,0,6.6,clear sky
132,Pimentel,PE,-6.8367,-79.9342,75.49,57,0,18.41,clear sky
133,Udachnyy,RU,66.4167,112.4,-6.56,83,100,10.22,overcast clouds
134,Paracuru,BR,-3.41,-39.0306,81.1,67,15,13.71,few clouds
135,Krutaya Gorka,RU,55.3649,73.2231,1.08,97,41,6.67,scattered clouds
136,Ponta Do Sol,PT,32.6667,-17.1,66.83,64,8,9.69,clear sky
137,Kattivakkam,IN,13.2167,80.3167,77.09,73,60,11.21,broken clouds
138,Qaqortoq,GL,60.7167,-46.0333,16.56,87,98,4.38,overcast clouds
139,Axim,GH,4.8699,-2.2405,78.51,82,5,7.94,clear sky
140,Bathsheba,BB,13.2167,-59.5167,86.61,70,40,19.57,scattered clouds
141,Takoradi,GH,4.8845,-1.7554,79.23,80,5,7.16,clear sky
142,Vanavara,RU,60.34,102.2797,0.1,90,100,7.65,overcast clouds
143,Fougeres,FR,48.35,-1.2,44.46,93,88,5.1,overcast clouds
144,Damghan,IR,36.1683,54.348,48.31,66,0,0.51,clear sky
145,Chivay,PE,-15.6383,-71.6011,63.09,27,100,8.97,overcast clouds
146,Pochutla,MX,15.7432,-96.4661,89.42,61,21,7.11,few clouds
147,Kribi,CM,2.95,9.9167,78.12,87,62,7.78,broken clouds
148,Rock Sound,BS,24.9,-76.2,78.84,77,90,15.61,overcast clouds
149,Kangaatsiaq,GL,68.3065,-53.4641,17.42,84,100,10.89,overcast clouds
150,Yining,CN,29.0361,114.5636,57.78,96,100,2.24,overcast clouds
151,Piacabucu,BR,-10.4056,-36.4344,79.41,74,26,12.86,scattered clouds
152,Mahebourg,MU,-20.4081,57.7,69.26,77,20,4.61,few clouds
153,Puerto Colombia,CO,10.9878,-74.9547,86.09,79,99,5.01,moderate rain
154,East London,ZA,-33.0153,27.9116,67.71,89,100,9.4,light rain
155,Alice,US,27.7523,-98.0697,59.16,57,100,14.97,overcast clouds
156,Esperance,AU,-33.8667,121.9,53.83,64,94,20.94,light rain
157,Orlik,RU,52.5178,99.825,-9.85,94,73,2.24,broken clouds
158,Baillif,GP,16.0202,-61.7463,83.7,69,9,10.42,clear sky
159,Bambanglipuro,ID,-7.95,110.2833,75.94,93,100,5.03,moderate rain
160,Champerico,GT,14.3,-91.9167,93.74,67,0,6.44,clear sky
161,Suoyarvi,RU,62.0833,32.35,22.8,88,14,7.52,few clouds
162,Hervey Bay,AU,-25.2986,152.8535,71.26,62,0,9.8,clear sky
163,Biak,ID,-0.9131,122.8766,77.04,81,100,2.57,overcast clouds
164,Garowe,SO,8.4054,48.4845,75.6,69,7,12.53,clear sky
165,Salamiyah,SY,35.0113,37.0532,59.86,67,2,2.8,clear sky
166,Karratha,AU,-20.7377,116.8463,72.52,37,76,15.99,broken clouds
167,Maceio,BR,-9.6658,-35.7353,83.64,69,20,14.97,few clouds
168,Saint-Joseph,RE,-21.3667,55.6167,70.18,67,5,5.53,clear sky
169,Tuktoyaktuk,CA,69.4541,-133.0374,19.4,79,75,0.0,broken clouds
170,Lavrentiya,RU,65.5833,-171.0,27.1,97,98,2.42,overcast clouds
171,Wasilla,US,61.5814,-149.4394,33.94,79,0,0.0,clear sky
172,Ilulissat,GL,69.2167,-51.1,4.55,87,100,3.94,overcast clouds
173,Kang,BW,-23.6752,22.7876,87.49,20,97,0.56,overcast clouds
174,Vila Velha,BR,-20.3297,-40.2925,76.95,71,20,21.0,few clouds
175,Kununurra,AU,-15.7667,128.7333,80.58,78,99,2.3,overcast clouds
176,Beringovskiy,RU,63.05,179.3167,12.65,86,93,4.68,overcast clouds
177,Nabire,ID,-3.3667,135.4833,76.55,92,100,1.81,overcast clouds
178,Jerez,GT,14.1,-89.75,84.65,51,40,0.0,scattered clouds
179,Havre-Saint-Pierre,CA,50.2334,-63.5986,30.2,74,100,9.22,light snow
180,Paita,PE,-5.0892,-81.1144,71.33,70,27,17.27,scattered clouds
181,Faanui,PF,-16.4833,-151.75,80.38,74,100,12.91,light rain
182,Palmer,US,42.1584,-72.3287,43.21,43,40,16.11,scattered clouds
183,Laguna,US,38.421,-121.4238,65.14,49,0,10.36,clear sky
184,Port Elizabeth,ZA,-33.918,25.5701,65.1,81,20,12.66,few clouds
185,Kiama,AU,-34.6833,150.8667,56.57,86,78,4.43,broken clouds
186,Castro,BR,-24.7911,-50.0119,72.39,48,0,7.63,clear sky
187,Hambantota,LK,6.1241,81.1185,77.31,82,48,2.86,scattered clouds
188,Rieti,IT,42.4072,12.8592,56.62,75,71,25.32,broken clouds
189,Rodeo,US,38.033,-122.2669,66.99,61,0,3.0,clear sky
190,Dudinka,RU,69.4058,86.1778,7.63,92,100,23.69,light snow
191,Pisco,PE,-13.7,-76.2167,71.65,64,0,11.5,clear sky
192,Aneho,TG,6.2333,1.6,80.71,74,5,9.69,clear sky
193,Lompoc,US,34.6391,-120.4579,73.85,63,0,19.57,clear sky
194,Bambous Virieux,MU,-20.3428,57.7575,69.22,77,20,4.61,few clouds
195,Rawson,AR,-43.3002,-65.1023,69.6,45,6,11.34,clear sky
196,Petropavlovsk-Kamchatskiy,RU,53.0452,158.6483,7.39,72,0,11.18,clear sky
197,Henties Bay,NA,-22.116,14.2845,61.07,82,90,8.52,overcast clouds
198,Baykit,RU,61.67,96.37,5.18,86,100,7.54,overcast clouds
199,Mabaruma,GY,8.2,-59.7833,82.11,75,80,4.76,light rain
200,Guayaramerin,BO,-10.8368,-65.3614,87.85,66,96,4.61,overcast clouds
201,Beloha,MG,-25.1667,45.05,70.34,80,68,6.85,broken clouds
202,Saldanha,ZA,-33.0117,17.9442,62.65,74,88,10.07,overcast clouds
203,Poum,NC,-20.2333,164.0167,77.16,75,99,17.49,overcast clouds
204,Vao,NC,-22.6667,167.4833,72.82,70,100,11.99,overcast clouds
205,Yermakovskoye,RU,53.2831,92.4003,16.36,94,88,2.71,overcast clouds
206,Natalio,PY,-26.7167,-55.0833,89.51,28,0,3.11,clear sky
207,Kismayo,SO,-0.3582,42.5454,79.11,84,89,7.9,light rain
208,Sirsa,IN,29.5333,75.0167,62.98,24,98,4.27,overcast clouds
209,Santa Rosa,PH,14.3122,121.1114,77.11,89,98,11.45,overcast clouds
210,San Pedro,PH,14.35,121.0167,76.35,90,20,2.3,few clouds
211,Ahipara,NZ,-35.1667,173.1667,63.54,88,29,13.49,scattered clouds
212,Luwuk,ID,-0.9516,122.7875,78.42,82,100,2.89,overcast clouds
213,Taungdwingyi,MM,20.0167,95.55,69.87,59,54,4.65,broken clouds
214,Carnarvon,AU,-24.8667,113.6333,61.75,57,46,16.89,scattered clouds
215,Tazovskiy,RU,67.4667,78.7,-0.76,92,100,18.23,overcast clouds
216,Katsuura,JP,35.1333,140.3,57.36,74,0,8.68,clear sky
217,Batesville,US,35.7698,-91.641,43.21,42,75,6.91,broken clouds
218,Shache,CN,38.4167,77.2406,37.87,23,60,2.19,broken clouds
219,Trinidad,BO,-14.8333,-64.9,96.78,49,40,6.91,scattered clouds
220,Liverpool,GB,53.4106,-2.9779,51.58,83,40,14.97,light rain
221,Zhicheng,CN,30.2956,111.5047,54.36,67,8,2.3,clear sky
222,Dingle,PH,10.9995,122.6711,74.95,93,100,7.36,overcast clouds
223,Kudahuvadhoo,MV,2.6708,72.8944,81.81,76,98,17.4,overcast clouds
224,Srednekolymsk,RU,67.45,153.6833,-9.87,97,100,10.65,overcast clouds
225,Geraldton,AU,-28.7667,114.6,55.81,67,40,5.75,scattered clouds
226,Qasigiannguit,GL,68.8193,-51.1922,2.52,93,90,2.73,overcast clouds
227,Balsas,BR,-7.5325,-46.0356,83.34,60,100,5.86,overcast clouds
228,Sakakah,SA,29.9697,40.2064,60.37,56,69,9.22,broken clouds
229,Namibe,AO,-15.1961,12.1522,71.64,80,14,7.4,few clouds
230,Iqaluit,CA,63.7506,-68.5145,17.33,86,100,16.11,light snow
231,Muisne,EC,0.6,-80.0333,76.46,75,99,9.1,overcast clouds
232,San Patricio,US,28.017,-97.5169,60.75,63,100,14.07,overcast clouds
233,San Isidro,PE,-12.1167,-77.05,69.39,64,40,9.22,scattered clouds
234,Goderich,CA,43.7501,-81.7165,34.92,69,100,19.57,light snow
235,Forssa,FI,60.8146,23.6215,27.68,80,8,9.28,clear sky
236,Churapcha,RU,62.0025,132.4325,-5.48,98,100,1.74,overcast clouds
237,Asau,RO,46.4333,26.4,38.32,95,100,1.95,overcast clouds
238,Amalapuram,IN,16.5833,82.0167,69.96,74,23,4.47,few clouds
239,Lishan,CN,31.8576,113.2951,53.85,87,70,4.05,broken clouds
240,Mount Gambier,AU,-37.8333,140.7667,57.22,75,100,8.32,light rain
241,Salisbury,GB,51.0693,-1.7957,44.65,86,26,5.75,scattered clouds
242,Ust-Kuyga,RU,70.0167,135.6,-11.06,99,100,1.77,overcast clouds
243,Kapaa,US,22.0752,-159.319,78.78,90,75,16.11,light rain
244,Igarka,RU,67.4667,86.5833,10.17,94,100,20.31,light snow
245,Yako,BF,12.9667,-2.2667,79.75,21,97,7.29,overcast clouds
246,Basoko,CD,1.2391,23.616,69.67,95,77,3.09,broken clouds
247,Thinadhoo,MV,0.5333,72.9333,81.21,76,91,13.2,overcast clouds
248,Norman Wells,CA,65.282,-126.8329,-0.36,85,20,3.44,few clouds
249,Podporozhye,RU,60.9112,34.1706,22.15,67,6,9.53,clear sky
250,Husavik,IS,66.0449,-17.3389,45.14,82,100,15.95,overcast clouds
251,Goundam,ML,16.4145,-3.6708,82.09,11,100,7.02,overcast clouds
252,Camara De Lobos,PT,32.6333,-16.9667,66.83,75,40,14.97,scattered clouds
253,Rolla,US,37.9514,-91.7713,30.34,42,0,10.36,clear sky
254,Carmen,MX,18.6333,-91.8333,82.44,69,40,0.0,scattered clouds
255,Hit,IQ,33.6416,42.8251,63.1,56,0,1.19,clear sky
256,Ca Mau,VN,9.1769,105.15,75.92,92,100,6.53,overcast clouds
257,Gweta,BW,-20.1833,25.2333,90.9,20,65,7.76,broken clouds
258,Shima,CN,24.4478,117.8111,68.02,82,0,1.57,clear sky
259,Amahai,ID,-3.3333,128.9167,78.19,87,98,5.91,overcast clouds
260,Alto Araguaia,BR,-17.3147,-53.2153,95.29,16,1,3.18,clear sky
261,Garissa,KE,-0.4536,39.6401,75.97,81,9,11.52,light rain
262,Labuhan,ID,-6.8844,112.2051,77.4,87,100,4.09,overcast clouds
263,Lorengau,PG,-2.0226,147.2712,81.75,74,100,5.26,overcast clouds
264,Flin Flon,CA,54.7682,-101.865,15.64,67,75,20.71,light snow
265,Loding,NO,67.3,14.75,45.32,44,0,24.16,clear sky
266,Huarmey,PE,-10.0681,-78.1522,68.94,75,95,8.95,overcast clouds
267,Ayr,GB,55.4627,-4.6339,47.5,87,100,11.86,overcast clouds
268,Haverhill,US,42.7762,-71.0773,45.34,48,20,11.5,few clouds
269,Rancho Palos Verdes,US,33.7445,-118.387,71.47,67,0,5.01,clear sky
270,Codrington,AU,-38.2667,141.9667,60.8,60,100,11.12,overcast clouds
271,Kavieng,PG,-2.5744,150.7967,80.8,72,100,7.65,overcast clouds
272,Aksarka,RU,66.5606,67.7975,3.99,66,0,21.59,clear sky
273,Chaykovskiy,RU,56.7686,54.1148,19.49,89,78,6.35,broken clouds
274,Tecoanapa,MX,16.5167,-98.75,83.53,68,13,8.25,few clouds
275,Poitiers,FR,46.5833,0.3333,43.25,59,0,3.44,clear sky
276,Marathon,US,44.9,-89.7668,22.44,70,100,12.66,overcast clouds
277,Kavaratti,IN,10.5669,72.642,81.75,60,97,7.9,overcast clouds
278,Leningradskiy,RU,69.3833,178.4167,-5.6,97,100,3.47,overcast clouds
279,Okha,RU,53.5739,142.9478,21.34,91,99,5.82,overcast clouds
280,San Rafael,AR,-34.6177,-68.3301,84.24,33,2,14.97,clear sky
281,Alta Floresta,BR,-9.8756,-56.0861,82.22,78,40,3.44,moderate rain
282,Ribeira Grande,PT,38.5167,-28.7,64.8,63,75,11.01,broken clouds
283,Zhangye,CN,38.9342,100.4517,31.6,33,8,2.77,clear sky
284,Tiksi,RU,71.6872,128.8694,-14.37,95,100,4.97,overcast clouds
285,Conakry,GN,9.538,-13.6773,81.45,64,100,6.04,overcast clouds
286,San Andres,CO,12.5847,-81.7006,82.42,78,75,8.05,broken clouds
287,Wageningen,NL,51.9667,5.6667,48.85,93,100,10.36,mist
288,Grindavik,IS,63.8424,-22.4338,40.95,87,20,16.11,few clouds
289,Trairi,BR,-3.2778,-39.2689,81.37,67,23,12.62,few clouds
290,Svetlaya,RU,46.5389,138.3297,29.39,78,5,6.8,clear sky
291,Gornopravdinsk,RU,60.05,69.9,5.72,94,100,9.01,light snow
292,Norman,US,35.2226,-97.4395,33.24,43,75,13.8,broken clouds
293,Havelock,US,34.8791,-76.9013,53.94,41,0,5.75,clear sky
294,Nyurba,RU,63.2842,118.3319,-18.02,95,83,6.49,broken clouds
295,Martapura,ID,-3.4167,114.85,73.49,100,100,4.61,overcast clouds
296,Ayan,RU,56.45,138.1667,19.49,70,8,4.0,clear sky
297,Nouadhibou,MR,20.931,-17.0347,71.58,64,0,14.97,clear sky
298,Tigil,RU,57.8,158.6667,16.63,90,97,12.55,overcast clouds
299,Vikulovo,RU,56.8167,70.6107,-2.49,98,36,7.72,scattered clouds
300,Pangnirtung,CA,66.1451,-65.7125,-0.58,76,75,6.82,broken clouds
301,College,US,64.8569,-147.8028,9.59,82,20,0.0,few clouds
302,Tubuala,PA,9.5167,-79.0333,76.37,90,100,8.16,moderate rain
303,Eureka,US,40.8021,-124.1637,53.26,92,0,3.0,clear sky
304,Yeppoon,AU,-23.1333,150.7333,67.78,78,47,9.26,scattered clouds
305,Jiaohe,CN,43.7286,127.3447,29.19,89,100,3.13,overcast clouds
306,Avera,US,33.194,-82.5271,56.55,32,0,2.75,clear sky
307,Vardo,NO,70.3705,31.1107,31.98,93,20,27.63,few clouds
308,Jackson,US,42.4165,-122.8345,55.38,49,0,3.44,clear sky
309,Annau,TM,37.8876,58.516,51.3,82,20,4.61,few clouds
310,Torbay,CA,47.6666,-52.7314,37.76,91,75,21.85,light rain
311,Jining,CN,35.405,116.5814,51.55,84,100,3.47,overcast clouds
312,Lagoa,PT,39.05,-27.9833,62.55,68,83,14.27,broken clouds
313,Cochrane,CA,51.1834,-114.4687,33.91,29,13,5.93,few clouds
314,Talnakh,RU,69.4865,88.3972,7.21,93,100,19.84,light snow
315,Koslan,RU,63.4564,48.8989,13.14,95,18,5.3,few clouds
316,Buluang,PH,13.3068,123.3425,76.48,91,100,4.14,heavy intensity rain
317,Sabang,ID,5.8933,95.3214,80.6,78,100,12.08,light rain
318,Kamwenge,UG,0.1866,30.4539,61.93,97,97,1.7,overcast clouds
319,Hami,CN,42.8,93.45,33.66,54,27,6.15,scattered clouds
320,Te Anau,NZ,-45.4167,167.7167,55.74,85,100,0.81,overcast clouds
321,Valparaiso,CL,-33.0393,-71.6273,82.63,69,0,17.27,clear sky
322,Ouagadougou,BF,12.3642,-1.5383,80.53,23,97,6.44,overcast clouds
323,Manzhouli,CN,49.6,117.4333,21.61,96,100,5.91,overcast clouds
324,Mandera,KE,3.9366,41.867,84.27,51,52,8.01,light rain
325,Billings,US,45.7833,-108.5007,22.28,56,20,32.21,few clouds
326,Dori,BF,14.0354,-0.0345,81.66,17,93,5.73,overcast clouds
327,Gunnedah,AU,-30.9833,150.25,57.52,63,7,3.13,clear sky
328,Mojoagung,ID,-7.5667,112.35,75.47,95,100,4.5,heavy intensity rain
329,Teluk Nibung,ID,3.001,99.8164,74.86,94,100,8.46,heavy intensity rain
330,Imeni Poliny Osipenko,RU,52.4201,136.4853,9.93,98,69,1.66,broken clouds
331,Santa Lucia,ES,27.9117,-15.5407,63.77,73,20,14.97,few clouds
332,Teguldet,RU,57.3064,88.1667,3.42,99,91,3.87,overcast clouds
333,Kahului,US,20.8947,-156.47,83.97,68,0,14.0,clear sky
334,Balykshi,KZ,47.0667,51.8667,39.2,81,100,13.42,mist
335,Belmonte,BR,-15.8631,-38.8828,73.45,93,100,9.19,light rain
336,Nome,US,64.5011,-165.4064,33.87,93,100,4.61,light snow
337,Borzya,RU,50.3833,116.5167,21.18,96,100,5.12,light snow
338,Wanning,CN,18.8003,110.3967,76.84,85,100,7.18,overcast clouds
339,Touros,BR,-5.1989,-35.4608,79.92,69,10,11.3,clear sky
340,Qorveh,IR,35.1664,47.8045,39.49,53,0,5.21,clear sky
341,Altamira,BR,-3.2033,-52.2064,89.69,58,40,4.61,scattered clouds
342,Grand Gaube,MU,-20.0064,57.6608,69.39,67,1,3.0,clear sky
343,Ronne,DK,55.1009,14.7066,37.31,56,75,6.91,broken clouds
344,Majene,ID,-3.5403,118.9707,76.75,89,100,7.38,overcast clouds
345,Manturovo,RU,58.3353,44.7619,22.35,61,48,12.44,scattered clouds
346,Satwas,IN,22.5333,76.6833,60.1,39,0,5.61,clear sky
347,Sahuaripa,MX,29.05,-109.2333,77.7,24,48,5.08,scattered clouds
348,Scarborough,GB,54.2797,-0.4044,47.77,90,100,5.41,overcast clouds
349,Norrtalje,SE,59.758,18.705,35.02,70,65,9.42,broken clouds
350,Bintulu,MY,3.1667,113.0333,75.61,100,20,3.44,few clouds
351,Las Palmas,ES,28.4204,-14.0131,70.59,68,20,11.5,few clouds
352,Clyde River,CA,70.4692,-68.5914,-0.17,85,100,8.05,overcast clouds
353,Victoria,HK,22.2855,114.1577,77.38,82,87,4.0,overcast clouds
354,Mino,JP,34.8269,135.4706,51.03,78,0,3.44,clear sky
355,Myitkyina,MM,25.3833,97.4,55.58,65,0,2.66,clear sky
356,Marystown,CA,47.1666,-55.1483,37.65,65,96,24.47,overcast clouds
357,Ancud,CL,-41.8697,-73.8203,55.44,64,100,10.78,overcast clouds
358,Lukovetskiy,RU,64.2956,41.9211,22.41,96,53,4.09,broken clouds
359,Tanta,EG,30.7885,31.0019,61.95,66,0,5.93,clear sky
360,Olafsvik,IS,64.8945,-23.7142,42.8,73,29,22.79,scattered clouds
361,Zhaotong,CN,27.3167,103.7167,44.69,84,100,4.85,overcast clouds
362,Crixas,BR,-14.5489,-49.9692,73.56,79,100,10.89,overcast clouds
363,Waipawa,NZ,-41.4122,175.5153,58.55,88,65,3.53,broken clouds
364,Sterling,US,39.0062,-77.4286,48.02,43,40,13.0,scattered clouds
365,Gat,IL,31.61,34.7642,65.39,72,0,6.42,clear sky
366,Collie,AU,-33.3667,116.15,47.57,75,100,3.36,overcast clouds
367,Kardamaina,GR,36.7814,27.1425,67.48,82,20,8.05,few clouds
368,Derry,GB,54.9981,-7.3093,44.33,76,20,11.5,few clouds
369,Ngunguru,NZ,-35.6167,174.5,65.14,72,12,14.05,few clouds
370,Sigli,ID,5.3848,95.9609,78.58,84,100,3.36,light rain
371,Hurghada,EG,27.2574,33.8129,69.84,43,0,8.05,clear sky
372,Senador Jose Porfirio,BR,-2.5908,-51.9542,89.02,50,76,1.3,broken clouds
373,Rapid Valley,US,44.0625,-103.1463,31.37,30,0,8.99,clear sky
374,Itaituba,BR,-4.2761,-55.9836,82.56,74,40,9.22,scattered clouds
375,Ancona,IT,43.55,13.1667,56.66,63,40,4.61,mist
376,Awjilah,LY,29.1081,21.2869,69.96,23,0,10.38,clear sky
377,Fayaoue,NC,-20.65,166.5333,77.5,79,100,12.88,overcast clouds
378,Djibo,BF,14.1022,-1.6306,81.16,15,18,8.23,few clouds
379,Kuito,AO,-12.3833,16.9333,61.7,90,100,3.98,overcast clouds
380,Fukue,JP,32.6881,128.8419,63.57,83,100,7.78,overcast clouds
381,San Jeronimo,PE,-11.9472,-75.2829,65.23,39,100,7.14,overcast clouds
382,Senneterre,CA,48.3835,-77.2328,21.4,67,100,7.45,overcast clouds
383,Padang,ID,-0.9492,100.3543,75.79,88,100,3.04,overcast clouds
384,Cockburn Town,TC,21.4612,-71.1419,82.36,65,40,11.5,scattered clouds
385,Along,IN,28.1667,94.7667,53.71,70,0,1.52,clear sky
386,Ozinki,RU,51.1786,49.6769,42.78,97,100,14.03,overcast clouds
387,Ambon,ID,-3.6954,128.1814,77.14,94,40,4.61,scattered clouds
388,Kushiro,JP,42.975,144.3747,37.71,72,99,6.2,overcast clouds
389,Cacapava Do Sul,BR,-30.5122,-53.4914,83.95,32,1,7.29,clear sky
390,Namatanai,PG,-3.6667,152.4333,79.09,75,100,4.63,overcast clouds
391,Coquimbo,CL,-29.9533,-71.3436,64.13,77,75,11.5,broken clouds
392,Mandalgovi,MN,45.7625,106.2708,11.28,67,6,22.19,clear sky
393,Vidim,RU,56.4088,103.1106,-3.75,100,52,1.97,broken clouds
394,Necochea,AR,-38.5473,-58.7368,64.98,89,100,8.14,light rain
395,Lososina,RU,48.9975,140.3106,24.46,70,71,4.94,broken clouds
396,Atar,MR,20.5169,-13.0499,76.86,14,0,7.74,clear sky
397,Solano,US,38.2333,-121.9511,68.65,28,0,17.27,clear sky
398,Faya,SA,18.3851,42.4509,60.91,76,21,1.54,few clouds
399,Roma,US,43.2128,-75.4557,37.38,60,100,12.66,overcast clouds
400,Jiwani,PK,25.05,61.7417,78.55,66,65,10.58,broken clouds
401,Sheridan,US,44.8333,-106.9173,31.32,40,0,3.44,clear sky
402,Ixtapa,MX,20.7,-105.2,78.03,73,40,9.22,scattered clouds
403,Gambela,ET,8.25,34.5833,75.25,71,7,3.58,clear sky
404,Broome,US,42.2506,-75.833,38.7,56,100,20.71,overcast clouds
405,Silver City,US,32.7701,-108.2803,52.92,39,0,5.99,clear sky
406,Namtsy,RU,62.7161,129.6658,-11.18,98,100,3.89,overcast clouds
407,Englewood,US,39.6478,-104.9878,28.35,60,40,4.61,light snow
408,Burnie,AU,-41.0667,145.9167,51.94,91,88,12.26,overcast clouds
409,Amapa,BR,1.0,-52.0,91.4,39,100,4.09,overcast clouds
410,Tokur,RU,53.1333,132.9,-1.12,100,97,2.73,overcast clouds
411,Adrar,MR,20.5022,-10.0711,72.07,13,0,8.75,clear sky
412,Viedma,AR,-40.8135,-62.9967,79.38,45,98,18.07,overcast clouds
413,Marrakesh,MA,31.6315,-8.0083,62.67,77,75,12.66,broken clouds
414,Bagotville,AU,-28.9833,153.4167,62.08,76,7,2.53,clear sky
415,Tutoia,BR,-2.7619,-42.2744,81.16,74,62,9.89,broken clouds
416,Lianran,CN,24.9227,102.485,48.74,84,0,1.34,clear sky
417,Livenka,RU,50.4491,38.2959,10.89,97,76,2.24,broken clouds
418,Fuerte Olimpo,PY,-21.0415,-57.8738,101.68,13,0,3.87,clear sky
419,Voh,NC,-20.9667,164.7,74.25,78,100,6.38,overcast clouds
420,Jalu,LY,29.0331,21.5482,69.96,23,0,10.2,clear sky
421,Taoudenni,ML,22.6783,-3.9836,76.08,13,87,1.95,overcast clouds
422,Pechenga,RU,69.5259,31.1703,27.9,88,45,9.73,scattered clouds
423,Vawkavysk,BY,53.1561,24.4513,23.77,91,94,10.67,overcast clouds
424,Villa Union,MX,23.2,-106.2333,82.36,44,40,3.44,scattered clouds
425,Ibipeba,BR,-11.6408,-42.0111,73.89,77,100,4.36,moderate rain
426,Arcata,US,40.8665,-124.0828,53.58,87,0,4.61,clear sky
427,Marsa Matruh,EG,31.3525,27.2453,71.8,24,0,14.97,clear sky
428,Olinda,BR,-8.0089,-34.8553,82.13,65,40,8.05,scattered clouds
429,Pangkalanbuun,ID,-2.6833,111.6167,73.09,99,100,2.28,overcast clouds
430,Vazante,BR,-17.9869,-46.9078,82.18,46,39,9.48,scattered clouds
431,Hofn,IS,64.2539,-15.2082,44.67,95,100,8.61,overcast clouds
432,Roald,NO,62.5833,6.1333,42.94,81,0,8.05,clear sky
433,Pokrovsk,UA,48.282,37.1758,32.68,84,100,7.23,overcast clouds
434,Colesberg,ZA,-30.72,25.0972,71.04,11,72,15.93,broken clouds
435,Asenovgrad,BG,42.0167,24.8667,51.28,100,100,2.3,mist
436,Sola,VU,-13.8833,167.55,81.59,70,92,5.68,overcast clouds
437,Evansville,US,37.9748,-87.5558,37.45,42,0,13.8,clear sky
438,Kenitra,MA,34.261,-6.5802,57.96,57,72,8.9,broken clouds
439,Naryan-Mar,RU,67.6713,53.087,7.29,91,23,5.01,few clouds
440,Turukhansk,RU,65.8167,87.9833,9.12,94,100,20.85,light snow
441,Krasnoselkup,RU,65.7,82.4667,11.95,94,100,18.88,light snow
442,Salalah,OM,17.0151,54.0924,80.69,69,40,5.75,scattered clouds
443,Zalantun,CN,48.0,122.7167,32.47,59,100,13.27,light snow
444,Abu Kamal,SY,34.4506,40.9171,63.32,53,0,7.96,clear sky
445,Ranong,TH,9.9658,98.6348,75.92,87,99,0.4,overcast clouds
446,Smolenka,RU,52.1352,113.4974,17.67,53,100,8.95,overcast clouds
447,Usinsk,RU,65.9939,57.5281,4.32,94,14,10.54,few clouds
448,Talara,PE,-4.5772,-81.2719,79.56,61,0,16.11,clear sky
449,Mazara Del Vallo,IT,37.6641,12.588,67.95,88,9,6.29,clear sky
450,Khasan,RU,42.4308,130.6434,40.26,59,100,4.63,overcast clouds
451,Benghazi,LY,32.1167,20.0667,70.57,70,0,5.59,clear sky
452,Ondangwa,NA,-17.9167,15.95,78.8,14,54,17.27,broken clouds
453,Beitbridge,ZW,-22.2167,30.0,87.53,29,1,13.33,clear sky
454,Westport,US,41.1415,-73.3579,44.89,42,40,11.5,scattered clouds
455,Pachelma,RU,53.2443,43.3521,27.25,95,100,17.11,overcast clouds
456,Bowen,AU,-20.0167,148.2333,79.25,79,89,10.74,overcast clouds
457,Taylor,US,32.3001,-99.8337,44.02,65,100,14.97,overcast clouds
458,Mogadishu,SO,2.0371,45.3438,79.48,84,62,12.86,broken clouds
459,Jiuquan,CN,39.7432,98.5174,31.8,32,75,3.89,broken clouds
460,Muroto,JP,33.2833,134.15,60.15,59,65,13.31,broken clouds
461,Boden,SE,65.8252,21.6886,19.4,91,16,4.41,few clouds
462,Celestun,MX,20.8667,-90.4,81.72,64,82,14.83,broken clouds
463,Shushenskoye,RU,53.325,91.9356,17.44,92,75,2.84,broken clouds
464,Egvekinot,RU,66.3167,-179.1667,-11.76,99,100,4.32,overcast clouds
465,Kenai,US,60.5544,-151.2583,27.14,87,0,6.91,clear sky
466,Umm Lajj,SA,25.0213,37.2685,75.9,52,100,7.16,overcast clouds
467,Belaya Gora,RU,68.5333,146.4167,-18.94,92,100,5.03,overcast clouds
468,Ginebra,CH,46.2022,6.1457,47.25,83,75,2.3,broken clouds
469,Nioro,GM,13.35,-15.75,81.93,22,100,3.6,overcast clouds
470,Say,NE,13.1007,2.3689,80.31,23,50,7.34,scattered clouds
471,Pierre,US,44.3683,-100.351,26.85,59,75,17.27,broken clouds
472,Lata,PT,40.1629,-8.3327,56.8,87,29,4.09,scattered clouds
473,Fairbanks,US,64.8378,-147.7164,9.61,82,0,0.0,clear sky
474,Zunheboto,IN,25.9667,94.5167,47.68,75,1,3.94,clear sky
475,Ati,TD,13.2154,18.3353,80.08,20,4,9.35,clear sky
476,Sassandra,CI,4.95,-6.0833,78.17,81,5,5.14,light rain
477,Redmond,US,47.674,-122.1215,50.38,38,0,1.99,clear sky
478,Saint Anthony,US,45.0205,-93.218,20.98,69,40,16.11,scattered clouds
479,San Ramon De La Nueva Oran,AR,-23.1322,-64.326,103.42,15,0,8.97,clear sky
480,Camacupa,AO,-12.0167,17.4833,62.98,93,100,4.63,overcast clouds
481,Udalguri,IN,26.7667,92.1333,61.38,74,6,5.75,clear sky
482,Jieshi,CN,22.8134,115.8257,70.83,81,1,10.04,clear sky
483,Cienfuegos,CU,22.1461,-80.4356,84.34,70,75,9.22,broken clouds
484,Luau,AO,-10.7073,22.2247,64.81,96,100,2.15,light rain
485,Tommot,RU,58.9564,126.2925,10.98,97,100,1.97,light snow
486,Tra Vinh,VN,9.9347,106.3453,77.32,84,100,6.91,overcast clouds
487,Ust-Maya,RU,60.4167,134.5333,-10.1,100,97,2.44,overcast clouds
488,Najran,SA,17.4924,44.1277,65.05,24,2,0.89,clear sky
489,Mosquera,CO,4.7059,-74.2302,60.89,67,75,11.5,broken clouds
490,Chara,RU,56.9064,118.2631,12.02,82,100,6.87,light snow
491,Margate,GB,51.3813,1.3862,49.69,82,16,1.99,few clouds
492,Camana,PE,-16.6228,-72.7111,69.39,68,49,8.1,scattered clouds
493,Tame,CO,6.461,-71.73,74.53,90,100,1.25,overcast clouds
494,Mahibadhoo,MV,3.7833,72.9667,81.1,77,100,17.6,overcast clouds
495,Tarakan,ID,3.3,117.6333,76.5,94,75,3.44,broken clouds
496,Kyrylivka,UA,46.3759,35.3675,47.59,87,100,19.17,overcast clouds
497,Clarence Town,AU,-32.5833,151.7833,60.85,83,4,1.88,clear sky
498,Kirkuk,IQ,35.4681,44.3922,58.64,57,1,4.47,clear sky
499,Mrakovo,RU,52.7161,56.6244,27.95,91,100,5.68,light snow
500,Mehamn,NO,71.0357,27.8492,37.35,44,0,13.8,clear sky
501,Taksimo,RU,56.3444,114.8794,4.86,90,96,4.0,overcast clouds
502,Tilichiki,RU,60.4667,166.1,3.31,88,39,5.39,scattered clouds
503,Pitimbu,BR,-7.4706,-34.8086,82.99,69,96,9.1,overcast clouds
504,Severo-Kurilsk,RU,50.6789,156.125,31.93,74,83,17.34,broken clouds
505,Richards Bay,ZA,-28.783,32.0377,73.92,93,4,4.05,clear sky
506,Mitsamiouli,KM,-11.3847,43.2844,78.21,80,7,12.24,clear sky
507,Ciudad Bolivar,VE,8.1222,-63.5497,85.8,62,100,6.53,overcast clouds
508,Novita,CO,4.9551,-76.6053,79.56,84,100,2.62,overcast clouds
509,Odesskoye,RU,54.2111,72.9651,9.63,93,100,6.62,overcast clouds
510,Flinders,AU,-34.5833,150.8552,57.38,84,85,4.0,overcast clouds
511,Isla Mujeres,MX,21.2311,-86.731,80.65,72,8,14.47,light rain
512,Nizhneudinsk,RU,54.9076,99.0276,14.74,97,83,2.64,broken clouds
513,Calama,CL,-22.4667,-68.9333,77.49,10,0,28.77,clear sky
514,Zhob,PK,31.3411,69.4481,54.52,33,86,0.38,overcast clouds
515,Mbuji-Mayi,CD,-6.15,23.6,68.85,97,100,3.96,overcast clouds
516,Aosta,IT,45.7667,7.4167,33.37,41,24,5.32,few clouds
517,Bhuj,IN,23.2667,69.6667,71.74,37,0,1.83,clear sky
518,Souillac,MU,-20.5167,57.5167,68.38,77,20,4.61,few clouds
519,Morros,BR,-9.4467,-46.3003,80.46,66,57,5.99,broken clouds
520,Krasnokholmskiy,RU,55.9873,55.0466,24.01,96,100,8.48,overcast clouds
521,Sao Gabriel Da Cachoeira,BR,-0.1303,-67.0892,82.2,78,20,4.61,few clouds
522,Bombay,IN,19.0144,72.8479,78.78,36,6,0.0,smoke
523,Veraval,IN,20.9,70.3667,74.91,38,0,8.46,clear sky
524,Northam,GB,51.0333,-4.2167,49.39,73,14,9.75,few clouds
525,San Quintin,MX,30.4833,-115.95,65.21,47,0,8.41,clear sky
526,Sioux Lookout,CA,50.1001,-91.917,17.67,62,100,11.5,overcast clouds
527,Vila Franca Do Campo,PT,37.7167,-25.4333,61.2,70,72,2.21,broken clouds
528,Malmesbury,ZA,-33.4608,18.7271,60.78,89,99,2.1,overcast clouds
529,Anloga,GH,5.7947,0.8973,81.19,73,3,9.93,clear sky
530,Jimma,ET,7.6667,36.8333,60.64,69,74,0.96,broken clouds
531,Sfantu Gheorghe,RO,45.8667,25.7833,54.57,53,100,3.51,overcast clouds
532,Kota Tinggi,MY,1.7381,103.8999,82.44,95,100,3.42,light rain
533,Rupert,US,42.6191,-113.6772,27.18,46,0,4.61,clear sky
534,Baherden,TM,38.4362,57.4316,59.14,55,0,4.52,clear sky
535,Chebsara,RU,59.2002,38.8356,15.13,73,7,13.22,clear sky
536,Samarai,PG,-10.6167,150.6667,82.6,79,85,10.76,overcast clouds
537,Americo Brasiliense,BR,-21.7244,-48.1017,85.08,32,40,14.52,scattered clouds
538,Aboso,GH,5.3617,-1.9473,75.31,86,14,3.76,few clouds
539,Elizabeth City,US,36.2946,-76.2511,53.04,40,0,5.75,clear sky
540,Altayskoye,RU,51.9533,85.3325,15.64,92,87,3.76,overcast clouds
541,Omsukchan,RU,62.5333,155.8,-26.36,89,12,4.54,few clouds
542,Los Llanos De Aridane,ES,28.6585,-17.9182,67.75,90,40,19.57,scattered clouds
543,Novobelokatay,RU,55.7062,58.9549,13.78,96,100,1.43,overcast clouds
544,Nishihara,JP,26.1842,127.7558,74.48,88,75,9.22,broken clouds
545,Ixhuatan,MX,16.3569,-94.4825,90.82,43,4,7.83,clear sky
546,Katangli,RU,51.7102,143.2326,22.06,87,100,6.22,overcast clouds
547,Nenjiang,CN,49.1833,125.2167,31.35,59,100,16.13,overcast clouds
548,Sinegorye,RU,62.0788,150.477,-20.87,82,6,5.12,clear sky
549,Almaznyy,RU,48.0448,40.045,33.42,83,100,2.24,overcast clouds
550,Itoman,JP,26.1247,127.6694,75.22,88,75,9.22,broken clouds
551,Acapulco,MX,16.8634,-99.8901,87.62,58,0,8.05,clear sky
552,Palu,ID,-0.8917,119.8707,74.1,93,100,3.33,overcast clouds
553,Matagami,CA,49.7502,-77.6328,19.51,79,100,8.05,overcast clouds
554,Villeneuve-Sur-Lot,FR,44.5,0.6667,48.25,92,92,2.62,overcast clouds
555,Adeje,ES,28.1227,-16.726,72.48,81,20,9.22,few clouds
556,Tondano,ID,1.3038,124.9112,68.09,94,100,1.86,overcast clouds
557,Bonthe,SL,7.5264,-12.505,79.54,80,77,6.17,broken clouds
558,Whitehorse,CA,60.7161,-135.0538,10.02,82,75,9.22,broken clouds
559,Alma,CA,48.5501,-71.6491,24.1,82,100,6.46,light snow
560,Carhuamayo,PE,-10.9167,-76.0333,48.45,42,100,13.8,overcast clouds
561,Nyuksenitsa,RU,60.4128,44.2397,15.19,78,6,7.07,clear sky
562,Santa Maria,BR,-29.6842,-53.8069,90.7,27,0,11.5,clear sky
563,Nalut,LY,30.3333,10.85,63.77,44,0,3.78,clear sky
564,Caravelas,BR,-17.7125,-39.2481,72.82,90,100,14.0,overcast clouds
565,Stokmarknes,NO,68.5646,14.9108,40.96,47,0,5.75,clear sky
566,Pelym,RU,61.0108,61.9978,12.22,86,100,9.31,overcast clouds
567,Sindor,RU,62.8629,51.8905,12.97,97,70,4.99,broken clouds
568,Bondo,CD,3.8146,23.6866,68.65,96,100,2.95,overcast clouds
569,Sembakung,ID,3.8167,117.25,74.5,99,100,1.86,very heavy rain
570,Hobyo,SO,5.3505,48.5268,80.26,72,0,11.25,clear sky
571,Utica,US,43.1009,-75.2327,37.4,63,88,5.01,overcast clouds
572,Rimbey,CA,52.6334,-114.2353,27.63,72,14,11.12,few clouds
573,Yabelo,ET,4.8833,38.0833,61.43,69,0,13.98,clear sky
574,Apodi,BR,-5.6642,-37.7989,89.55,43,63,16.89,broken clouds
575,Dali,CN,25.7,100.1833,44.37,53,0,1.9,clear sky
576,Adre,TD,13.4667,22.2,71.49,22,2,11.03,clear sky
577,Umm Kaddadah,SD,13.6017,26.6876,69.08,20,6,12.53,clear sky
578,Paamiut,GL,61.994,-49.6678,21.83,83,100,6.67,overcast clouds
579,Bodhan,IN,18.6667,77.9,62.69,63,81,3.33,broken clouds
580,Santiago Del Estero,AR,-27.7951,-64.2615,104.41,15,0,16.87,clear sky
581,Wangkui,CN,46.8333,126.5,28.96,74,100,11.12,overcast clouds
582,Kolondieba,ML,11.0882,-6.8926,76.84,21,100,1.66,overcast clouds
583,Primero De Enero,CU,21.9469,-78.4283,82.02,70,86,14.03,overcast clouds
584,Ridgecrest,US,35.6225,-117.6709,59.38,21,100,1.99,overcast clouds
585,Kalemie,CD,-5.9475,29.1947,69.66,88,100,5.61,light rain
586,Kuchera,IN,26.9839,73.9719,64.65,29,47,6.69,scattered clouds
587,Saint-Georges,GD,12.0564,-61.7485,85.68,74,20,17.27,few clouds
588,Puerto Carreno,CO,6.189,-67.4859,78.78,89,20,3.44,few clouds
589,Grand-Lahou,CI,5.1367,-5.0242,79.03,81,37,6.46,light rain
590,Setermoen,NO,68.861,18.3486,29.43,54,16,8.99,few clouds
591,Shimoda,JP,34.6667,138.95,56.68,63,0,5.37,clear sky
592,Morondava,MG,-20.2833,44.2833,79.5,73,26,9.48,scattered clouds
593,Unai,BR,-16.3575,-46.9061,82.87,49,81,5.1,broken clouds
594,Bereda,ES,43.2686,-7.5406,45.41,100,96,2.86,overcast clouds
595,Bongandanga,CD,1.5,21.05,69.19,99,70,2.66,broken clouds
596,Chany,RU,55.3121,76.7647,2.07,96,7,6.42,clear sky
597,Cabedelo,BR,-6.9811,-34.8339,83.07,68,62,9.62,broken clouds
598,Inuvik,CA,68.3499,-133.7218,32.86,46,75,5.75,broken clouds
599,Buraydah,SA,26.326,43.975,63.05,74,100,14.99,overcast clouds
600,Qazvin,IR,36.2797,50.0049,44.22,76,0,4.61,clear sky
601,Sitka,US,57.0531,-135.33,39.09,81,20,5.75,few clouds
602,Alexandria,EG,31.2156,29.9553,61.34,42,0,5.44,clear sky
603,Soufriere,LC,13.8562,-61.0566,83.86,79,75,20.71,broken clouds
604,Boddam,GB,57.4667,-1.7833,50.38,84,100,40.47,overcast clouds
605,Alekseyevsk,RU,57.8406,108.3492,-16.28,100,98,2.93,overcast clouds
606,Sabha,LY,27.0377,14.4283,68.56,20,0,9.64,clear sky
607,Punta Alta,AR,-38.8759,-62.0736,68.54,70,100,13.98,light rain
608,Sisimiut,GL,66.9395,-53.6735,14.76,82,100,10.47,overcast clouds
609,Golden,US,39.7555,-105.2211,27.88,66,40,3.44,snow
610,Pemba,MZ,-12.974,40.5178,78.71,78,1,13.18,clear sky
611,Dakar,SN,14.6937,-17.4441,85.08,45,0,4.61,clear sky
612,Atocha,BO,-20.9333,-66.2333,69.33,16,67,11.36,broken clouds
613,Seoul,KR,37.5683,126.9778,45.84,97,0,1.14,fog
614,South Venice,US,27.0531,-82.4243,72.14,37,0,10.36,clear sky
615,Katherine,AU,-14.4667,132.2667,80.92,74,100,3.44,overcast clouds
616,Porbandar,IN,21.6422,69.6093,76.24,47,0,6.2,clear sky
617,Tamboril,DO,19.4854,-70.611,83.7,65,40,4.61,scattered clouds
618,Bairiki,KI,1.3292,172.9752,80.6,78,20,13.8,few clouds
619,Gopalpur,IN,19.2667,84.9167,69.64,60,100,8.55,overcast clouds
620,Krasnoarmeysk,RU,51.0239,45.6969,32.29,88,63,16.46,broken clouds
621,Bambui,BR,-20.0064,-45.9769,82.58,41,32,4.61,scattered clouds
622,Belgrade,RS,44.804,20.4651,52.7,97,75,11.5,broken clouds
623,Panaba,MX,21.2833,-88.2667,80.87,59,98,12.91,overcast clouds
624,Port Blair,IN,11.6667,92.75,79.65,83,87,9.24,overcast clouds
625,Bilma,NE,18.6853,12.9164,71.6,18,24,5.17,few clouds
626,Grand Island,US,40.925,-98.342,25.09,45,20,13.8,few clouds
627,Sivas,TR,39.7916,37.0019,47.03,81,75,10.36,broken clouds
628,Nanga Eboko,CM,4.6833,12.3667,72.05,73,24,3.2,few clouds
629,Vangaindrano,MG,-23.35,47.6,73.27,94,48,5.95,light rain
630,Arman,RU,59.7,150.1667,-9.58,81,9,7.02,clear sky
631,Macia,MZ,-25.0269,33.0989,81.77,53,95,7.0,overcast clouds
632,Elko,US,41.0002,-115.5012,26.74,58,4,11.99,clear sky
633,Haines Junction,CA,60.7522,-137.5108,4.95,85,14,2.3,few clouds
634,Loei,TH,17.4167,101.5,63.07,96,84,0.6,broken clouds
635,Polysayevo,RU,54.6012,86.2459,10.94,96,87,4.21,overcast clouds
636,Awbari,LY,26.5921,12.7805,68.25,20,2,7.4,clear sky
637,Ulaanbaatar,MN,47.9077,106.8832,10.53,72,100,17.9,overcast clouds
638,Port-Gentil,GA,-0.7193,8.7815,78.76,83,20,9.22,few clouds
639,Marawi,PH,7.9986,124.2928,69.44,92,99,2.77,overcast clouds
640,Espanola,US,35.9911,-106.0806,38.01,64,100,1.01,overcast clouds
641,Galveston,US,29.3669,-94.9669,59.18,61,100,1.99,overcast clouds
642,Kiunga,PG,-6.1219,141.2906,72.36,96,89,1.14,overcast clouds
643,Mombetsu,JP,44.3525,143.3525,36.3,81,100,3.27,overcast clouds
644,Auki,SB,-8.7676,160.7034,76.98,81,41,4.16,scattered clouds
645,Doha,QA,25.2867,51.5333,80.91,83,0,4.61,clear sky
646,Khandyga,RU,62.6667,135.6,-3.28,98,100,2.66,overcast clouds
647,Apsheronsk,RU,44.46,39.73,50.76,82,87,3.67,overcast clouds
648,Tamandare,BR,-8.7597,-35.1047,79.05,74,7,10.71,clear sky
649,Poronaysk,RU,49.2167,143.1167,25.97,87,100,4.36,overcast clouds
650,Aanekoski,FI,62.6946,25.818,26.67,100,9,5.37,clear sky
651,Ulaangom,MN,49.9811,92.0667,10.54,80,45,4.61,scattered clouds
652,Humaita,BR,-7.5061,-63.0208,82.33,84,100,2.46,overcast clouds
653,Komsomolskiy,UZ,40.4272,71.7189,43.52,81,100,2.3,mist
654,Morehead,US,37.2711,-87.1764,40.86,33,0,6.91,clear sky
655,Lerwick,GB,60.1545,-1.1494,48.2,69,100,31.5,overcast clouds
656,Zeya,RU,53.75,127.2667,16.27,94,100,5.88,overcast clouds
657,Angoche,MZ,-16.2325,39.9086,79.11,81,0,11.32,clear sky
658,Beyneu,KZ,45.3167,55.2,41.22,81,33,8.59,scattered clouds
659,Lere,NG,10.387,8.5726,70.18,34,35,5.48,scattered clouds
660,Csongrad,HU,46.7133,20.1424,44.15,96,100,7.96,light rain
661,Brzeg Dolny,PL,51.273,16.7082,31.05,83,8,1.01,clear sky
662,Manakara,MG,-22.1333,48.0167,74.03,92,41,8.16,scattered clouds
663,Kopong,BW,-24.4833,25.8833,79.03,61,0,2.3,clear sky
664,Santa Marta,CO,11.2408,-74.199,87.85,71,40,6.91,scattered clouds
665,Chiang Rai,TH,19.9167,99.9167,73.38,100,0,0.0,clear sky
666,Mackenzie,CA,55.2999,-123.1698,5.22,85,0,2.3,clear sky
667,Kovdor,RU,67.5662,30.4758,28.26,91,99,3.85,overcast clouds
668,Mecca,SA,21.4267,39.8261,77.25,68,1,7.2,clear sky
669,Maniitsoq,GL,65.4167,-52.9,26.19,69,94,11.45,overcast clouds
670,Ostrovnoy,RU,68.0531,39.5131,29.3,90,80,6.73,broken clouds
671,Coahuayana,MX,18.7333,-103.6833,88.09,53,4,6.17,clear sky
672,Sena Madureira,BR,-9.0656,-68.6569,92.84,44,98,2.66,overcast clouds
673,Bati,ET,11.1833,40.0167,62.85,38,0,2.48,clear sky
674,Kokkola,FI,63.8385,23.1307,22.03,98,100,6.91,overcast clouds
675,Mount Isa,AU,-20.7333,139.5,69.57,73,0,0.0,clear sky
676,San Juan Bautista,PE,-14.0108,-75.7358,85.69,32,56,16.96,broken clouds
677,Saint-Augustin,CA,51.226,-58.6502,28.98,98,100,2.84,light snow
678,Ondjiva,AO,-17.0667,15.7333,84.42,29,93,8.59,overcast clouds
679,Bandar-E Anzali,IR,37.4727,49.4622,60.91,75,5,5.88,clear sky
680,Iskateley,RU,67.6803,53.1512,6.6,91,24,4.79,few clouds
681,Fort-Shevchenko,KZ,44.5086,50.263,50.22,74,100,2.01,overcast clouds
682,Puri,IN,19.8,85.85,68.52,59,100,11.36,overcast clouds
683,Kysyl-Syr,RU,63.8986,122.7617,-28.88,100,87,2.8,overcast clouds
684,Baoqing,CN,46.3317,132.2111,22.62,90,62,4.21,broken clouds
685,Yulara,AU,-25.2406,130.9889,72.48,27,0,11.9,clear sky
686,Hibbing,US,47.4272,-92.9377,18.75,57,40,8.05,scattered clouds
687,Kuusamo,FI,65.9667,29.1833,28.44,93,100,4.61,overcast clouds
688,Lazaro Cardenas,MX,17.9583,-102.2,84.58,63,8,6.58,clear sky
689,Kuala Terengganu,MY,5.3302,103.1408,76.95,100,20,2.3,few clouds
690,Singaraja,ID,-8.112,115.0882,79.07,77,100,1.81,overcast clouds
